Family,Order,Clade,Clade_2,Clade_3_for_arcs,Genus,Nectary
Cyatheaceae,Cyatheales,Cyatheales,Cyatheales,Cyatheales,Alsophila,Yes
Polypodiaceae,Polypodiales,Eupolypods I,Polypodiaceae,Eupolypods I,Campyloneurum,Yes
Cyatheaceae,Cyatheales,Cyatheales,Cyatheales,Cyatheales,Cyathea,Yes
Polypodiaceae,Polypodiales,Eupolypods I,Polypodiaceae,Eupolypods I,Drynaria,Yes
Lygodiaceae,Schizaeales,Schizaeales,Schizaeales,Schizaeales,Lygodium,Yes
Polypodiaceae,Polypodiales,Eupolypods I,Polypodiaceae,Eupolypods I,Platycerium,Yes
Polypodiaceae,Polypodiales,Eupolypods I,Polypodiaceae,Eupolypods I,Pleopeltis,Yes
Dryopteridaceae,Polypodiales,Eupolypods I,Eupolypods I,Eupolypods I,Polybotrya,Yes
Dennstaedtiaceae,Polypodiales,Dennstaedtiineae,Dennstaedtiineae,Dennstaedtiineae,Pteridium,Yes
Polypodiaceae,Polypodiales,Eupolypods I,Polypodiaceae,Eupolypods I,Selliguea,Yes
Polypodiaceae,Polypodiales,Eupolypods I,Polypodiaceae,Eupolypods I,Serpocaulon,Yes
Cyatheaceae,Cyatheales,Cyatheales,Cyatheales,Cyatheales,Sphaeropteris,Yes
NA,NA,NA,NA,NA,Abacopteris,No
Hymenophyllaceae,Hymenophyllales,Hymenophyllales,Hymenophyllales,Hymenophyllales,Abrodictyum,No
Pteridaceae,Polypodiales,Pteridineae,Pteridineae,Pteridineae,Acrostichum,No
Pteridaceae,Polypodiales,Pteridineae,Pteridineae,Pteridineae,Actiniopteris,No
Schizaeaceae,Schizaeales,Schizaeales,Schizaeales,Schizaeales,Actinostachys,No
Cystopteridaceae,Polypodiales,Eupolypods II,Eupolypods II,Eupolypods II,Acystopteris,No
Polypodiaceae,Polypodiales,Eupolypods I,Polypodiaceae,Eupolypods I,Adenophorus,No
NA,NA,NA,NA,NA,Adetogramma,No
Pteridaceae,Polypodiales,Pteridineae,Pteridineae,Pteridineae,Adiantopsis,No
Pteridaceae,Polypodiales,Pteridineae,Pteridineae,Pteridineae,Adiantum,No
Polypodiaceae,Polypodiales,Eupolypods I,Polypodiaceae,Eupolypods I,Alansmia,No
Pteridaceae,Polypodiales,Pteridineae,Pteridineae,Pteridineae,Aleuritopteris,No
Thelypteridaceae,Polypodiales,Eupolypods II,Eupolypods II,Eupolypods II,Amauropelta,No
Thelypteridaceae,Polypodiales,Eupolypods II,Eupolypods II,Eupolypods II,Amblovenatum,No
Thelypteridaceae,Polypodiales,Eupolypods II,Eupolypods II,Eupolypods II,Ampelopteris,No
Pteridaceae,Polypodiales,Pteridineae,Pteridineae,Pteridineae,Ananthacorus,No
NA,NA,NA,NA,NA,Anchistea,No
Anemiaceae,Schizaeales,Schizaeales,Schizaeales,Schizaeales,Anemia,No
Marattiaceae,Marattiales,Marattiales,Marattiales,Marattiales,Angiopteris,No
NA,NA,NA,NA,NA,Anisocampium,No
Pteridaceae,Polypodiales,Pteridineae,Pteridineae,Pteridineae,Anogramma,No
NA,NA,NA,NA,NA,Antrophyopsis,No
Pteridaceae,Polypodiales,Pteridineae,Pteridineae,Pteridineae,Antrophyum,No
Dryopteridaceae,Polypodiales,Eupolypods I,Eupolypods I,Eupolypods I,Arachniodes,No
NA,NA,NA,NA,NA,Archigrammitis,No
Pteridaceae,Polypodiales,Pteridineae,Pteridineae,Pteridineae,Argyrochosma,No
Dryopteridaceae,Polypodiales,Eupolypods I,Eupolypods I,Eupolypods I,Arthrobotrya,No
Tectariaceae,Polypodiales,Eupolypods I,Eupolypods I,Eupolypods I,Arthropteris,No
Polypodiaceae,Polypodiales,Eupolypods I,Polypodiaceae,Eupolypods I,Ascogrammitis,No
Pteridaceae,Polypodiales,Pteridineae,Pteridineae,Pteridineae,Aspidotis,No
Aspleniaceae,Polypodiales,Eupolypods II,Eupolypods II,Eupolypods II,Asplenium,No
Pteridaceae,Polypodiales,Pteridineae,Pteridineae,Pteridineae,Astrolepis,No
Athyriaceae,Polypodiales,Eupolypods II,Eupolypods II,Eupolypods II,Athyrium,No
NA,NA,NA,NA,NA,Austroblechnum,No
Pteridaceae,Polypodiales,Pteridineae,Pteridineae,Pteridineae,Austrogramme,No
Salviniaceae,Salviniales,Salviniales,Salviniales,Salviniales,Azolla,No
NA,NA,NA,NA,NA,Baja,No
NA,NA,NA,NA,NA,Blechnidium,No
NA,NA,NA,NA,NA,Blechnopsis,No
Blechnaceae,Polypodiales,Eupolypods II,Eupolypods II,Eupolypods II,Blechnum,No
Dennstaedtiaceae,Polypodiales,Dennstaedtiineae,Dennstaedtiineae,Dennstaedtiineae,Blotiella,No
Dryopteridaceae,Polypodiales,Eupolypods I,Eupolypods I,Eupolypods I,Bolbitis,No
Pteridaceae,Polypodiales,Pteridineae,Pteridineae,Pteridineae,Bommeria,No
NA,NA,NA,NA,NA,Bosmania,No
Ophioglossaceae,Ophioglossales,Ophioglossales,Ophioglossales,Ophioglossaceae & Psilotaceae,Botrychium,No
Ophioglossaceae,Ophioglossales,Ophioglossales,Ophioglossales,Ophioglossaceae & Psilotaceae,Botrypus,No
Blechnaceae,Polypodiales,Eupolypods II,Eupolypods II,Eupolypods II,Brainea,No
Pteridaceae,Polypodiales,Pteridineae,Pteridineae,Pteridineae,Calciphilopteris,No
Hymenophyllaceae,Hymenophyllales,Hymenophyllales,Hymenophyllales,Hymenophyllales,Callistopteris,No
Dicksoniaceae,Cyatheales,Cyatheales,Cyatheales,Cyatheales,Calochlaena,No
Polypodiaceae,Polypodiales,Eupolypods I,Polypodiaceae,Eupolypods I,Calymmodon,No
Hymenophyllaceae,Hymenophyllales,Hymenophyllales,Hymenophyllales,Hymenophyllales,Cephalomanes,No
Polypodiaceae,Polypodiales,Eupolypods I,Polypodiaceae,Eupolypods I,Ceradenia,No
Pteridaceae,Polypodiales,Pteridineae,Pteridineae,Pteridineae,Ceratopteris,No
Pteridaceae,Polypodiales,Pteridineae,Pteridineae,Pteridineae,Cerosora,No
Pteridaceae,Polypodiales,Pteridineae,Pteridineae,Pteridineae,Cheilanthes,No
NA,NA,NA,NA,NA,Cheiloplecton,No
NA,NA,NA,NA,NA,Cheiroglossa,No
Dipteridaceae,Gleicheniales,Gleicheniales,Gleicheniales,Gleicheniales,Cheiropleuria,No
Thelypteridaceae,Polypodiales,Eupolypods II,Eupolypods II,Eupolypods II,Chingia,No
Thelypteridaceae,Polypodiales,Eupolypods II,Eupolypods II,Eupolypods II,Christella,No
Marattiaceae,Marattiales,Marattiales,Marattiales,Marattiales,Christensenia,No
Polypodiaceae,Polypodiales,Eupolypods I,Polypodiaceae,Eupolypods I,Chrysogrammitis,No
Cibotiaceae,Cyatheales,Cyatheales,Cyatheales,Cyatheales,Cibotium,No
NA,NA,NA,NA,NA,Claytosmunda,No
NA,NA,NA,NA,NA,Cleistoblechnum,No
Polypodiaceae,Polypodiales,Eupolypods I,Polypodiaceae,Eupolypods I,Cochlidium,No
Pteridaceae,Polypodiales,Pteridineae,Pteridineae,Pteridineae,Coniogramme,No
Athyriaceae,Polypodiales,Eupolypods II,Eupolypods II,Eupolypods II,Cornopteris,No
Thelypteridaceae,Polypodiales,Eupolypods II,Eupolypods II,Eupolypods II,Coryphopteris,No
Pteridaceae,Polypodiales,Pteridineae,Pteridineae,Pteridineae,Cosentinia,No
NA,NA,NA,NA,NA,Cranfillia,No
Hymenophyllaceae,Hymenophyllales,Hymenophyllales,Hymenophyllales,Hymenophyllales,Crepidomanes,No
Pteridaceae,Polypodiales,Pteridineae,Pteridineae,Pteridineae,Cryptogramma,No
Dryopteridaceae,Polypodiales,Eupolypods I,Eupolypods I,Eupolypods I,Ctenitis,No
Polypodiaceae,Polypodiales,Eupolypods I,Polypodiaceae,Eupolypods I,Ctenopterella,No
Culcitaceae,Cyatheales,Cyatheales,Cyatheales,Cyatheales,Culcita,No
Dryopteridaceae,Polypodiales,Eupolypods I,Eupolypods I,Eupolypods I,Cyclodium,No
Thelypteridaceae,Polypodiales,Eupolypods II,Eupolypods II,Eupolypods II,Cyclogramma,No
Lomariopsidaceae,Polypodiales,Eupolypods I,Eupolypods I,Eupolypods I,Cyclopeltis,No
Thelypteridaceae,Polypodiales,Eupolypods II,Eupolypods II,Eupolypods II,Cyclosorus,No
Dryopteridaceae,Polypodiales,Eupolypods I,Eupolypods I,Eupolypods I,Cyrtomium,No
NA,NA,NA,NA,NA,Cystocarpium,No
Cystodiaceae,Polypodiales,Lindsaeineae,Lindsaeineae,Lindsaeineae,Cystodium,No
Cystopteridaceae,Polypodiales,Eupolypods II,Eupolypods II,Eupolypods II,Cystopteris,No
Marattiaceae,Marattiales,Marattiales,Marattiales,Marattiales,Danaea,No
Polypodiaceae,Polypodiales,Eupolypods I,Polypodiaceae,Eupolypods I,Dasygrammitis,No
Davalliaceae,Polypodiales,Eupolypods I,Eupolypods I,Eupolypods I,Davallia,No
NA,NA,NA,NA,NA,Dendroconche,No
Dennstaedtiaceae,Polypodiales,Dennstaedtiineae,Dennstaedtiineae,Dennstaedtiineae,Dennstaedtia,No
Athyriaceae,Polypodiales,Eupolypods II,Eupolypods II,Eupolypods II,Deparia,No
NA,NA,NA,NA,NA,Desmophlebium,No
Dicksoniaceae,Cyatheales,Cyatheales,Cyatheales,Cyatheales,Dicksonia,No
Gleicheniaceae,Gleicheniales,Gleicheniales,Gleicheniales,Gleicheniales,Dicranopteris,No
Polypodiaceae,Polypodiales,Eupolypods I,Polypodiaceae,Eupolypods I,Dictymia,No
Didymochlaenaceae,Polypodiales,Eupolypods I,Eupolypods I,Eupolypods I,Didymochlaena,No
Hymenophyllaceae,Hymenophyllales,Hymenophyllales,Hymenophyllales,Hymenophyllales,Didymoglossum,No
Diplaziopsidaceae,Polypodiales,Eupolypods II,Eupolypods II,Eupolypods II,Diplaziopsis,No
Athyriaceae,Polypodiales,Eupolypods II,Eupolypods II,Eupolypods II,Diplazium,No
NA,NA,NA,NA,NA,Diploblechnum,No
Gleicheniaceae,Gleicheniales,Gleicheniales,Gleicheniales,Gleicheniales,Diplopterygium,No
Dipteridaceae,Gleicheniales,Gleicheniales,Gleicheniales,Gleicheniales,Dipteris,No
NA,NA,NA,NA,NA,Doodia,No
Pteridaceae,Polypodiales,Pteridineae,Pteridineae,Pteridineae,Doryopteris,No
Lomariopsidaceae,Polypodiales,Eupolypods I,Eupolypods I,Eupolypods I,Dracoglossum,No
NA,NA,NA,NA,NA,Draconopteris,No
NA,NA,NA,NA,NA,Dryopolystichum,No
Dryopteridaceae,Polypodiales,Eupolypods I,Eupolypods I,Eupolypods I,Dryopteris,No
Dryopteridaceae,Polypodiales,Eupolypods I,Eupolypods I,Eupolypods I,Elaphoglossum,No
Polypodiaceae,Polypodiales,Eupolypods I,Polypodiaceae,Eupolypods I,Enterosora,No
NA,NA,NA,NA,NA,Ephemeropteris,No
Equisetaceae,Equisetales,Equisetales,Equisetales,Equisetales,Equisetum,No
Marattiaceae,Marattiales,Marattiales,Marattiales,Marattiales,Eupodium,No
Pteridaceae,Polypodiales,Pteridineae,Pteridineae,Pteridineae,Gaga,No
Polypodiaceae,Polypodiales,Eupolypods I,Polypodiaceae,Eupolypods I,Galactodenia,No
NA,NA,NA,NA,NA,Gastoniella,No
Thelypteridaceae,Polypodiales,Eupolypods II,Eupolypods II,Eupolypods II,Glaphyropteridopsis,No
Gleicheniaceae,Gleicheniales,Gleicheniales,Gleicheniales,Gleicheniales,Gleichenella,No
Gleicheniaceae,Gleicheniales,Gleicheniales,Gleicheniales,Gleicheniales,Gleichenia,No
Polypodiaceae,Polypodiales,Eupolypods I,Polypodiaceae,Eupolypods I,Goniophlebium,No
Thelypteridaceae,Polypodiales,Eupolypods II,Eupolypods II,Eupolypods II,Goniopteris,No
Polypodiaceae,Polypodiales,Eupolypods I,Polypodiaceae,Eupolypods I,Grammitis,No
NA,NA,NA,NA,NA,Grypothrix,No
Cystopteridaceae,Polypodiales,Eupolypods II,Eupolypods II,Eupolypods II,Gymnocarpium,No
Polypodiaceae,Polypodiales,Eupolypods I,Polypodiaceae,Eupolypods I,Gymnogrammitis,No
NA,NA,NA,NA,NA,Gymnosphaera,Yes
Pteridaceae,Polypodiales,Pteridineae,Pteridineae,Pteridineae,Haplopteris,No
Pteridaceae,Polypodiales,Pteridineae,Pteridineae,Pteridineae,Hecistopteris,No
Ophioglossaceae,Ophioglossales,Ophioglossales,Ophioglossales,Ophioglossaceae & Psilotaceae,Helminthostachys,No
Hemidictyaceae,Polypodiales,NA,NA,NA,Hemidictyum,No
Pteridaceae,Polypodiales,Pteridineae,Pteridineae,Pteridineae,Hemionitis,No
Dennstaedtiaceae,Polypodiales,Dennstaedtiineae,Dennstaedtiineae,Dennstaedtiineae,Histiopteris,No
NA,NA,NA,NA,NA,Hiya,No
NA,NA,NA,NA,NA,Hoiokula,No
Athyriaceae,Polypodiales,Eupolypods II,Eupolypods II,Eupolypods II,Homalosorus,No
NA,NA,NA,NA,NA,Hovenkampia,No
Aspleniaceae,Polypodiales,Eupolypods II,Eupolypods II,Eupolypods II,Hymenasplenium,No
Hymenophyllaceae,Hymenophyllales,Hymenophyllales,Hymenophyllales,Hymenophyllales,Hymenophyllum,No
Hypodematiaceae,Polypodiales,Eupolypods I,Eupolypods I,Eupolypods I,Hypodematium,No
Tectariaceae,Polypodiales,Eupolypods I,Eupolypods I,Eupolypods I,Hypoderris,No
Dennstaedtiaceae,Polypodiales,Dennstaedtiineae,Dennstaedtiineae,Dennstaedtiineae,Hypolepis,No
NA,NA,NA,NA,NA,Icarus,No
Pteridaceae,Polypodiales,Pteridineae,Pteridineae,Pteridineae,Jamesonia,No
NA,NA,NA,NA,NA,Japanobotrychum,No
Dryopteridaceae,Polypodiales,Eupolypods I,Eupolypods I,Eupolypods I,Lastreopsis,No
Polypodiaceae,Polypodiales,Eupolypods I,Polypodiaceae,Eupolypods I,Lecanopteris,No
Polypodiaceae,Polypodiales,Eupolypods I,Polypodiaceae,Eupolypods I,Lellingeria,No
Polypodiaceae,Polypodiales,Eupolypods I,Polypodiaceae,Eupolypods I,Lepisorus,No
Polypodiaceae,Polypodiales,Eupolypods I,Polypodiaceae,Eupolypods I,Leptochilus,No
Thelypteridaceae,Polypodiales,Eupolypods II,Eupolypods II,Eupolypods II,Leptogramma,No
Dennstaedtiaceae,Polypodiales,Dennstaedtiineae,Dennstaedtiineae,Dennstaedtiineae,Leptolepia,No
Osmundaceae,Osmundales,Osmundales,Osmundales,Osmundales,Leptopteris,No
Hypodematiaceae,Polypodiales,Eupolypods I,Eupolypods I,Eupolypods I,Leucostegia,No
Polypodiaceae,Polypodiales,Eupolypods I,Polypodiaceae,Eupolypods I,Leucotrichum,No
Lindsaeaceae,Polypodiales,Lindsaeineae,Lindsaeineae,Lindsaeineae,Lindsaea,No
NA,NA,NA,NA,NA,Lindsaeosoria,No
Pteridaceae,Polypodiales,Pteridineae,Pteridineae,Pteridineae,Llavea,No
Dryopteridaceae,Polypodiales,Eupolypods I,Eupolypods I,Eupolypods I,Lomagramma,No
NA,NA,NA,NA,NA,Lomaphlebia,No
NA,NA,NA,NA,NA,Lomaria,No
NA,NA,NA,NA,NA,Lomaridium,No
NA,NA,NA,NA,NA,Lomariocycas,No
Lomariopsidaceae,Polypodiales,Eupolypods I,Eupolypods I,Eupolypods I,Lomariopsis,No
Lonchitidaceae,Polypodiales,Lindsaeineae,Lindsaeineae,Lindsaeineae,Lonchitis,No
Dicksoniaceae,Cyatheales,Cyatheales,Cyatheales,Cyatheales,Lophosoria,No
NA,NA,NA,NA,NA,Lorinseria,No
Polypodiaceae,Polypodiales,Eupolypods I,Polypodiaceae,Eupolypods I,Loxogramme,No
Loxsomataceae,Cyatheales,Cyatheales,Cyatheales,Cyatheales,Loxsoma,No
Loxsomataceae,Cyatheales,Cyatheales,Cyatheales,Cyatheales,Loxsomopsis,No
NA,NA,NA,NA,NA,Lytoneuron,No
Thelypteridaceae,Polypodiales,Eupolypods II,Eupolypods II,Eupolypods II,Macrothelypteris,No
NA,NA,NA,NA,NA,Malaifilix,No
Ophioglossaceae,Ophioglossales,Ophioglossales,Ophioglossales,Ophioglossaceae & Psilotaceae,Mankyua,No
Marattiaceae,Marattiales,Marattiales,Marattiales,Marattiales,Marattia,No
Marsileaceae,Salviniales,Salviniales,Salviniales,Salviniales,Marsilea,No
Matoniaceae,Gleicheniales,Gleicheniales,Gleicheniales,Gleicheniales,Matonia,No
Onocleaceae,Polypodiales,Eupolypods II,Eupolypods II,Eupolypods II,Matteuccia,No
Dryopteridaceae,Polypodiales,Eupolypods I,Eupolypods I,Eupolypods I,Maxonia,No
Dryopteridaceae,Polypodiales,Eupolypods I,Eupolypods I,Eupolypods I,Megalastrum,No
Polypodiaceae,Polypodiales,Eupolypods I,Polypodiaceae,Eupolypods I,Melpomene,No
NA,NA,NA,NA,NA,Menisciopsis,No
Thelypteridaceae,Polypodiales,Eupolypods II,Eupolypods II,Eupolypods II,Meniscium,No
Thelypteridaceae,Polypodiales,Eupolypods II,Eupolypods II,Eupolypods II,Mesophlebion,No
Thelypteridaceae,Polypodiales,Eupolypods II,Eupolypods II,Eupolypods II,Mesopteris,No
Thelypteridaceae,Polypodiales,Eupolypods II,Eupolypods II,Eupolypods II,Metathelypteris,No
Metaxyaceae,Cyatheales,Cyatheales,Cyatheales,Cyatheales,Metaxya,No
Dryopteridaceae,Polypodiales,Eupolypods I,Eupolypods I,Eupolypods I,Mickelia,No
NA,NA,NA,NA,NA,Mickelopteris,No
Polypodiaceae,Polypodiales,Eupolypods I,Polypodiaceae,Eupolypods I,Microgramma,No
Dennstaedtiaceae,Polypodiales,Dennstaedtiineae,Dennstaedtiineae,Dennstaedtiineae,Microlepia,No
Polypodiaceae,Polypodiales,Eupolypods I,Polypodiaceae,Eupolypods I,Micropolypodium,No
Polypodiaceae,Polypodiales,Eupolypods I,Polypodiaceae,Eupolypods I,Microsorum,No
NA,NA,NA,NA,NA,Mildella,No
NA,NA,NA,NA,NA,Mineirella,No
Dennstaedtiaceae,Polypodiales,Dennstaedtiineae,Dennstaedtiineae,Dennstaedtiineae,Monachosorum,No
Polypodiaceae,Polypodiales,Eupolypods I,Polypodiaceae,Eupolypods I,Moranopteris,No
Polypodiaceae,Polypodiales,Eupolypods I,Polypodiaceae,Eupolypods I,Mycopteris,No
Pteridaceae,Polypodiales,Pteridineae,Pteridineae,Pteridineae,Myriopteris,No
NA,NA,NA,NA,NA,Neoblechnum,No
Nephrolepidaceae,Polypodiales,Eupolypods I,Eupolypods I,Eupolypods I,Nephrolepis,No
Lindsaeaceae,Polypodiales,Lindsaeineae,Lindsaeineae,Lindsaeineae,Nesolindsaea,No
Polypodiaceae,Polypodiales,Eupolypods I,Polypodiaceae,Eupolypods I,Niphidium,Yes
Pteridaceae,Polypodiales,Pteridineae,Pteridineae,Pteridineae,Notholaena,No
Polypodiaceae,Polypodiales,Eupolypods I,Polypodiaceae,Eupolypods I,Notogrammitis,No
NA,NA,NA,NA,NA,Oceaniopteris,No
Lindsaeaceae,Polypodiales,Lindsaeineae,Lindsaeineae,Lindsaeineae,Odontosoria,No
NA,NA,NA,NA,NA,Oenotrichia,No
NA,NA,NA,NA,NA,Oeosporangium,No
Oleandraceae,Polypodiales,Eupolypods I,Eupolypods I,Eupolypods I,Oleandra,No
Dryopteridaceae,Polypodiales,Eupolypods I,Eupolypods I,Eupolypods I,Olfersia,No
Onocleaceae,Polypodiales,Eupolypods II,Eupolypods II,Eupolypods II,Onoclea,No
Onocleaceae,Polypodiales,Eupolypods II,Eupolypods II,Eupolypods II,Onocleopsis,No
Pteridaceae,Polypodiales,Pteridineae,Pteridineae,Pteridineae,Onychium,No
NA,NA,NA,NA,NA,Ophioderma,No
Ophioglossaceae,Ophioglossales,Ophioglossales,Ophioglossales,Ophioglossaceae & Psilotaceae,Ophioglossum,No
Polypodiaceae,Polypodiales,Eupolypods I,Polypodiaceae,Eupolypods I,Oreogrammitis,No
Thelypteridaceae,Polypodiales,Eupolypods II,Eupolypods II,Eupolypods II,Oreopteris,No
NA,NA,NA,NA,NA,Ormopteris,No
Saccolomataceae,Polypodiales,Saccolomatineae,Saccolomatineae,NA,Orthiopteris,No
Lindsaeaceae,Polypodiales,Lindsaeineae,Lindsaeineae,Lindsaeineae,Osmolindsaea,No
NA,NA,NA,NA,NA,Osmunasium,No
Osmundaceae,Osmundales,Osmundales,Osmundales,Osmundales,Osmunda,No
Osmundaceae,Osmundales,Osmundales,Osmundales,Osmundales,Osmundastrum,No
Dennstaedtiaceae,Polypodiales,Dennstaedtiineae,Dennstaedtiineae,Dennstaedtiineae,Paesia,No
NA,NA,NA,NA,NA,Pakau,No
NA,NA,NA,NA,NA,Parablechnum,No
Pteridaceae,Polypodiales,Pteridineae,Pteridineae,Pteridineae,Paragymnopteris,No
NA,NA,NA,NA,NA,Parahemionitis,No
Dryopteridaceae,Polypodiales,Eupolypods I,Eupolypods I,Eupolypods I,Parapolystichum,No
NA,NA,NA,NA,NA,Parrisia,No
Polypodiaceae,Polypodiales,Eupolypods I,Polypodiaceae,Eupolypods I,Pecluma,No
NA,NA,NA,NA,NA,Pelazoneuron,No
Pteridaceae,Polypodiales,Pteridineae,Pteridineae,Pteridineae,Pellaea,No
Pteridaceae,Polypodiales,Pteridineae,Pteridineae,Pteridineae,Pentagramma,No
Onocleaceae,Polypodiales,Eupolypods II,Eupolypods II,Eupolypods II,Pentarhizidium,No
Dryopteridaceae,Polypodiales,Eupolypods I,Eupolypods I,Eupolypods I,Phanerophlebia,No
Matoniaceae,Gleicheniales,Gleicheniales,Gleicheniales,Gleicheniales,Phanerosorus,No
Thelypteridaceae,Polypodiales,Eupolypods II,Eupolypods II,Eupolypods II,Phegopteris,No
Polypodiaceae,Polypodiales,Eupolypods I,Polypodiaceae,Eupolypods I,Phlebodium,No
NA,NA,NA,NA,NA,Physematium,No
NA,NA,NA,NA,NA,Pichisermollodes,No
Marsileaceae,Salviniales,Salviniales,Salviniales,Salviniales,Pilularia,No
Pteridaceae,Polypodiales,Pteridineae,Pteridineae,Pteridineae,Pityrogramma,No
Plagiogyriaceae,Cyatheales,Cyatheales,Cyatheales,Cyatheales,Plagiogyria,No
NA,NA,NA,NA,NA,Plenasium,No
Dryopteridaceae,Polypodiales,Eupolypods I,Eupolypods I,Eupolypods I,Pleocnemia,No
Thelypteridaceae,Polypodiales,Eupolypods II,Eupolypods II,Eupolypods II,Plesioneuron,No
Polypodiaceae,Polypodiales,Eupolypods I,Polypodiaceae,Eupolypods I,Pleurosoriopsis,No
Thelypteridaceae,Polypodiales,Eupolypods II,Eupolypods II,Eupolypods II,Pneumatopteris,No
NA,NA,NA,NA,NA,Polydictyum,No
Hymenophyllaceae,Hymenophyllales,Hymenophyllales,Hymenophyllales,Hymenophyllales,Polyphlebium,No
Polypodiaceae,Polypodiales,Eupolypods I,Polypodiaceae,Eupolypods I,Polypodium,No
Dryopteridaceae,Polypodiales,Eupolypods I,Eupolypods I,Eupolypods I,Polystichopsis,No
Dryopteridaceae,Polypodiales,Eupolypods I,Eupolypods I,Eupolypods I,Polystichum,No
Pteridaceae,Polypodiales,Pteridineae,Pteridineae,Pteridineae,Polytaenium,No
Thelypteridaceae,Polypodiales,Eupolypods II,Eupolypods II,Eupolypods II,Pronephrium,No
Polypodiaceae,Polypodiales,Eupolypods I,Polypodiaceae,Eupolypods I,Prosaptia,No
NA,NA,NA,NA,NA,Pseudathyrium,No
Thelypteridaceae,Polypodiales,Eupolypods II,Eupolypods II,Eupolypods II,Pseudocyclosorus,No
Thelypteridaceae,Polypodiales,Eupolypods II,Eupolypods II,Eupolypods II,Pseudophegopteris,No
Psilotaceae,Psilotales,Psilotales,Psilotales,Ophioglossaceae & Psilotaceae,Psilotum,No
Pteridryaceae,Polypodiales,Eupolypods I,Eupolypods I,Eupolypods I,Pteridrys,No
Pteridaceae,Polypodiales,Pteridineae,Pteridineae,Pteridineae,Pteris,No
Pteridaceae,Polypodiales,Pteridineae,Pteridineae,Pteridineae,Pterozonium,No
Marattiaceae,Marattiales,Marattiales,Marattiales,Marattiales,Ptisana,No
Polypodiaceae,Polypodiales,Eupolypods I,Polypodiaceae,Eupolypods I,Pyrrosia,No
Pteridaceae,Polypodiales,Pteridineae,Pteridineae,Pteridineae,Radiovittaria,No
Marsileaceae,Salviniales,Salviniales,Salviniales,Salviniales,Regnellidium,No
NA,NA,NA,NA,NA,Reholttumia,No
Rhachidosoraceae,Polypodiales,Eupolypods II,Eupolypods II,Eupolypods II,Rhachidosorus,No
Pteridaceae,Polypodiales,Pteridineae,Pteridineae,Pteridineae,Rheopteris,No
NA,NA,NA,NA,NA,Rouxopteris,No
Dryopteridaceae,Polypodiales,Eupolypods I,Eupolypods I,Eupolypods I,Rumohra,No
Saccolomataceae,Polypodiales,Saccolomatineae,Saccolomatineae,NA,Saccoloma,No
Blechnaceae,Polypodiales,Eupolypods II,Eupolypods II,Eupolypods II,Sadleria,No
NA,NA,NA,NA,NA,Sahashia,No
Blechnaceae,Polypodiales,Eupolypods II,Eupolypods II,Eupolypods II,Salpichlaena,No
Salviniaceae,Salviniales,Salviniales,Salviniales,Salviniales,Salvinia,No
Ophioglossaceae,Ophioglossales,Ophioglossales,Ophioglossales,Ophioglossaceae & Psilotaceae,Sceptridium,No
Schizaeaceae,Schizaeales,Schizaeales,Schizaeales,Schizaeales,Schizaea,No
Polypodiaceae,Polypodiales,Eupolypods I,Polypodiaceae,Eupolypods I,Scleroglossum,No
Pteridaceae,Polypodiales,Pteridineae,Pteridineae,Pteridineae,Scoliosorus,No
Thelypteridaceae,Polypodiales,Eupolypods II,Eupolypods II,Eupolypods II,Sphaerostephanos,No
Lindsaeaceae,Polypodiales,Lindsaeineae,Lindsaeineae,Lindsaeineae,Sphenomeris,No
NA,NA,NA,NA,NA,Spicantopsis,No
Thelypteridaceae,Polypodiales,Eupolypods II,Eupolypods II,Eupolypods II,Stegnogramma,No
Thelypteridaceae,Polypodiales,Eupolypods II,Eupolypods II,Eupolypods II,Steiropteris,No
Blechnaceae,Polypodiales,Eupolypods II,Eupolypods II,Eupolypods II,Stenochlaena,No
Polypodiaceae,Polypodiales,Eupolypods I,Polypodiaceae,Eupolypods I,Stenogrammitis,No
Gleicheniaceae,Gleicheniales,Gleicheniales,Gleicheniales,Gleicheniales,Sticherus,No
Dryopteridaceae,Polypodiales,Eupolypods I,Eupolypods I,Eupolypods I,Stigmatopteris,No
Gleicheniaceae,Gleicheniales,Gleicheniales,Gleicheniales,Gleicheniales,Stromatopteris,No
NA,NA,NA,NA,NA,Strophocaulon,No
NA,NA,NA,NA,NA,Struthiopteris,No
Polypodiaceae,Polypodiales,Eupolypods I,Polypodiaceae,Eupolypods I,Synammia,No
Pteridaceae,Polypodiales,Pteridineae,Pteridineae,Pteridineae,Syngramma,No
Pteridaceae,Polypodiales,Pteridineae,Pteridineae,Pteridineae,Taenitis,No
Lindsaeaceae,Polypodiales,Lindsaeineae,Lindsaeineae,Lindsaeineae,Tapeinidium,No
Tectariaceae,Polypodiales,Eupolypods I,Eupolypods I,Eupolypods I,Tectaria,No
Blechnaceae,Polypodiales,Eupolypods II,Eupolypods II,Eupolypods II,Telmatoblechnum,No
Dryopteridaceae,Polypodiales,Eupolypods I,Eupolypods I,Eupolypods I,Teratophyllum,No
Polypodiaceae,Polypodiales,Eupolypods I,Polypodiaceae,Eupolypods I,Terpsichore,No
Thelypteridaceae,Polypodiales,Eupolypods II,Eupolypods II,Eupolypods II,Thelypteris,No
Polypodiaceae,Polypodiales,Eupolypods I,Polypodiaceae,Eupolypods I,Thylacopteris,No
Thyrsopteridaceae,Cyatheales,Cyatheales,Cyatheales,Cyatheales,Thyrsopteris,No
Psilotaceae,Psilotales,Psilotales,Psilotales,Ophioglossaceae & Psilotaceae,Tmesipteris,No
Osmundaceae,Osmundales,Osmundales,Osmundales,Osmundales,Todea,No
Polypodiaceae,Polypodiales,Eupolypods I,Polypodiaceae,Eupolypods I,Tomophyllum,No
Pteridaceae,Polypodiales,Pteridineae,Pteridineae,Pteridineae,Trachypteris,No
Hymenophyllaceae,Hymenophyllales,Hymenophyllales,Hymenophyllales,Hymenophyllales,Trichomanes,No
NA,NA,NA,NA,NA,Trichoneuron,No
Thelypteridaceae,Polypodiales,Eupolypods II,Eupolypods II,Eupolypods II,Trigonospora,No
Tectariaceae,Polypodiales,Eupolypods I,Eupolypods I,Eupolypods I,Triplophyllum,No
Pteridaceae,Polypodiales,Pteridineae,Pteridineae,Pteridineae,Tryonia,No
Pteridaceae,Polypodiales,Pteridineae,Pteridineae,Pteridineae,Vaginularia,No
Hymenophyllaceae,Hymenophyllales,Hymenophyllales,Hymenophyllales,Hymenophyllales,Vandenboschia,No
Pteridaceae,Polypodiales,Pteridineae,Pteridineae,Pteridineae,Vittaria,No
Woodsiaceae,Polypodiales,Eupolypods II,Eupolypods II,Eupolypods II,Woodsia,No
Blechnaceae,Polypodiales,Eupolypods II,Eupolypods II,Eupolypods II,Woodwardia,No
Polypodiaceae,Polypodiales,Eupolypods I,Polypodiaceae,Eupolypods I,Xiphopterella,No
NA,NA,NA,NA,NA,Zealandia,No